{
  "processed_files": 48,
  "total_cost": 1.0456375000000002,
  "total_input_tokens": 65787,
  "total_output_tokens": 53692,
  "last_processed_file": "72kbDinSyW3o.jpeg",
  "timestamp": 1769701578.5475662
}