{
  "processed_files": 179,
  "total_cost": 4.467340000000002,
  "total_input_tokens": 256276,
  "total_output_tokens": 249555,
  "last_processed_file": "uRhKpcRFQtsb.jpeg",
  "timestamp": 1769712284.6301172
}