{
  "processed_files": 180,
  "total_cost": 4.507295000000002,
  "total_input_tokens": 257746,
  "total_output_tokens": 252418,
  "last_processed_file": "wGdq7y8J6mm6.jpeg",
  "timestamp": 1769712478.4836018
}