{
  "processed_files": 10,
  "total_cost": 0.22901750000000004,
  "total_input_tokens": 14699,
  "total_output_tokens": 11577,
  "last_processed_file": "2xVdUZvCLsuR.jpeg",
  "timestamp": 1769629444.131517
}