{
  "processed_files": 23,
  "total_cost": 0.49478000000000005,
  "total_input_tokens": 29392,
  "total_output_tokens": 26830,
  "last_processed_file": "4XcPQDhAvS4c.jpeg",
  "timestamp": 1769631371.629175
}